-- phpMyAdmin SQL Dump
-- version 4.8.5
-- https://www.phpmyadmin.net/
--
-- Host: 127.0.0.1:3306
-- Czas generowania: 17 Mar 2020, 21:20
-- Wersja serwera: 5.7.26
-- Wersja PHP: 7.3.5

SET SQL_MODE = "NO_AUTO_VALUE_ON_ZERO";
SET AUTOCOMMIT = 0;
START TRANSACTION;
SET time_zone = "+00:00";


/*!40101 SET @OLD_CHARACTER_SET_CLIENT=@@CHARACTER_SET_CLIENT */;
/*!40101 SET @OLD_CHARACTER_SET_RESULTS=@@CHARACTER_SET_RESULTS */;
/*!40101 SET @OLD_COLLATION_CONNECTION=@@COLLATION_CONNECTION */;
/*!40101 SET NAMES utf8mb4 */;

--
-- Baza danych: `ekoforma`
--

-- --------------------------------------------------------

--
-- Struktura tabeli dla tabeli `im_category`
--

DROP TABLE IF EXISTS `im_category`;
CREATE TABLE IF NOT EXISTS `im_category` (
  `category_id` int(11) NOT NULL AUTO_INCREMENT,
  `label_id` int(11) NOT NULL,
  `name` varchar(64) COLLATE utf8_polish_ci DEFAULT '',
  `content` varchar(128) COLLATE utf8_polish_ci DEFAULT '',
  `position` int(11) DEFAULT '0',
  `status` varchar(3) COLLATE utf8_polish_ci DEFAULT 'on',
  `description` text COLLATE utf8_polish_ci,
  `date_create` datetime DEFAULT NULL,
  `date_modify` datetime DEFAULT NULL,
  PRIMARY KEY (`category_id`),
  KEY `label_id` (`label_id`)
) ENGINE=InnoDB DEFAULT CHARSET=utf8 COLLATE=utf8_polish_ci;

--
-- Wyzwalacze `im_category`
--
DROP TRIGGER IF EXISTS `im_category_insert_date_create`;
DELIMITER $$
CREATE TRIGGER `im_category_insert_date_create` BEFORE INSERT ON `im_category` FOR EACH ROW set new.date_create = now()
$$
DELIMITER ;
DROP TRIGGER IF EXISTS `im_category_insert_date_modify`;
DELIMITER $$
CREATE TRIGGER `im_category_insert_date_modify` BEFORE INSERT ON `im_category` FOR EACH ROW set new.date_modify = now()
$$
DELIMITER ;
DROP TRIGGER IF EXISTS `im_category_update_date_modify`;
DELIMITER $$
CREATE TRIGGER `im_category_update_date_modify` BEFORE UPDATE ON `im_category` FOR EACH ROW set new.date_modify = now()
$$
DELIMITER ;

-- --------------------------------------------------------

--
-- Struktura tabeli dla tabeli `im_file`
--

DROP TABLE IF EXISTS `im_file`;
CREATE TABLE IF NOT EXISTS `im_file` (
  `file_id` int(11) NOT NULL AUTO_INCREMENT,
  `name` varchar(64) COLLATE utf8_polish_ci DEFAULT '',
  `content` varchar(128) COLLATE utf8_polish_ci DEFAULT '',
  `url` varchar(128) COLLATE utf8_polish_ci DEFAULT '',
  `status` varchar(3) COLLATE utf8_polish_ci DEFAULT 'on',
  `description` text COLLATE utf8_polish_ci,
  `date_create` datetime DEFAULT NULL,
  `date_modify` datetime DEFAULT NULL,
  PRIMARY KEY (`file_id`)
) ENGINE=InnoDB DEFAULT CHARSET=utf8 COLLATE=utf8_polish_ci;

--
-- Wyzwalacze `im_file`
--
DROP TRIGGER IF EXISTS `im_file_insert_date_create`;
DELIMITER $$
CREATE TRIGGER `im_file_insert_date_create` BEFORE INSERT ON `im_file` FOR EACH ROW set new.date_create = now()
$$
DELIMITER ;
DROP TRIGGER IF EXISTS `im_file_insert_date_modify`;
DELIMITER $$
CREATE TRIGGER `im_file_insert_date_modify` BEFORE INSERT ON `im_file` FOR EACH ROW set new.date_modify = now()
$$
DELIMITER ;
DROP TRIGGER IF EXISTS `im_file_update_date_modify`;
DELIMITER $$
CREATE TRIGGER `im_file_update_date_modify` BEFORE UPDATE ON `im_file` FOR EACH ROW set new.date_modify = now()
$$
DELIMITER ;

-- --------------------------------------------------------

--
-- Struktura tabeli dla tabeli `im_form`
--

DROP TABLE IF EXISTS `im_form`;
CREATE TABLE IF NOT EXISTS `im_form` (
  `form_id` int(11) NOT NULL AUTO_INCREMENT,
  `name` varchar(128) COLLATE utf8_polish_ci DEFAULT '',
  `content` varchar(1024) COLLATE utf8_polish_ci DEFAULT '',
  `email_source` varchar(128) COLLATE utf8_polish_ci DEFAULT '',
  `email_destination` varchar(128) COLLATE utf8_polish_ci DEFAULT '',
  `description` text COLLATE utf8_polish_ci,
  `date_create` datetime DEFAULT NULL,
  PRIMARY KEY (`form_id`)
) ENGINE=InnoDB DEFAULT CHARSET=utf8 COLLATE=utf8_polish_ci;

--
-- Wyzwalacze `im_form`
--
DROP TRIGGER IF EXISTS `im_form_insert_date_create`;
DELIMITER $$
CREATE TRIGGER `im_form_insert_date_create` BEFORE INSERT ON `im_form` FOR EACH ROW set new.date_create = now()
$$
DELIMITER ;

-- --------------------------------------------------------

--
-- Struktura tabeli dla tabeli `im_image`
--

DROP TABLE IF EXISTS `im_image`;
CREATE TABLE IF NOT EXISTS `im_image` (
  `image_id` int(11) NOT NULL AUTO_INCREMENT,
  `section` int(11) DEFAULT '0',
  `name` varchar(64) COLLATE utf8_polish_ci DEFAULT '',
  `content` varchar(128) COLLATE utf8_polish_ci DEFAULT '',
  `url` varchar(128) COLLATE utf8_polish_ci DEFAULT '',
  `status` varchar(3) COLLATE utf8_polish_ci DEFAULT 'on',
  `description` text COLLATE utf8_polish_ci,
  `date_create` datetime DEFAULT NULL,
  `date_modify` datetime DEFAULT NULL,
  PRIMARY KEY (`image_id`)
) ENGINE=InnoDB AUTO_INCREMENT=2 DEFAULT CHARSET=utf8 COLLATE=utf8_polish_ci;

--
-- Zrzut danych tabeli `im_image`
--

INSERT INTO `im_image` (`image_id`, `section`, `name`, `content`, `url`, `status`, `description`, `date_create`, `date_modify`) VALUES
(1, 1, 'Logo', '', 'logo-164bde3d9fc6294e33601e4272b80534.png', 'on', NULL, '2020-03-17 22:16:21', '2020-03-17 22:16:21');

--
-- Wyzwalacze `im_image`
--
DROP TRIGGER IF EXISTS `im_image_insert_date_create`;
DELIMITER $$
CREATE TRIGGER `im_image_insert_date_create` BEFORE INSERT ON `im_image` FOR EACH ROW set new.date_create = now()
$$
DELIMITER ;
DROP TRIGGER IF EXISTS `im_image_insert_date_modify`;
DELIMITER $$
CREATE TRIGGER `im_image_insert_date_modify` BEFORE INSERT ON `im_image` FOR EACH ROW set new.date_modify = now()
$$
DELIMITER ;
DROP TRIGGER IF EXISTS `im_image_update_date_modify`;
DELIMITER $$
CREATE TRIGGER `im_image_update_date_modify` BEFORE UPDATE ON `im_image` FOR EACH ROW set new.date_modify = now()
$$
DELIMITER ;

-- --------------------------------------------------------

--
-- Struktura tabeli dla tabeli `im_label`
--

DROP TABLE IF EXISTS `im_label`;
CREATE TABLE IF NOT EXISTS `im_label` (
  `label_id` int(11) NOT NULL AUTO_INCREMENT,
  `name` varchar(128) COLLATE utf8_polish_ci DEFAULT '',
  `system_name` varchar(128) COLLATE utf8_polish_ci DEFAULT '',
  `style` text COLLATE utf8_polish_ci,
  `description` text COLLATE utf8_polish_ci,
  `date_create` datetime DEFAULT NULL,
  `date_modify` datetime DEFAULT NULL,
  PRIMARY KEY (`label_id`)
) ENGINE=InnoDB AUTO_INCREMENT=3 DEFAULT CHARSET=utf8 COLLATE=utf8_polish_ci;

--
-- Zrzut danych tabeli `im_label`
--

INSERT INTO `im_label` (`label_id`, `name`, `system_name`, `style`, `description`, `date_create`, `date_modify`) VALUES
(1, 'Menu', 'menu', NULL, NULL, '2020-03-17 21:55:36', '2020-03-17 21:55:36'),
(2, 'Logo', 'logo', NULL, NULL, '2020-03-17 22:16:51', '2020-03-17 22:16:51');

--
-- Wyzwalacze `im_label`
--
DROP TRIGGER IF EXISTS `im_label_insert_date_create`;
DELIMITER $$
CREATE TRIGGER `im_label_insert_date_create` BEFORE INSERT ON `im_label` FOR EACH ROW set new.date_create = now()
$$
DELIMITER ;
DROP TRIGGER IF EXISTS `im_label_insert_date_modify`;
DELIMITER $$
CREATE TRIGGER `im_label_insert_date_modify` BEFORE INSERT ON `im_label` FOR EACH ROW set new.date_modify = now()
$$
DELIMITER ;
DROP TRIGGER IF EXISTS `im_label_update_date_modify`;
DELIMITER $$
CREATE TRIGGER `im_label_update_date_modify` BEFORE UPDATE ON `im_label` FOR EACH ROW set new.date_modify = now()
$$
DELIMITER ;

-- --------------------------------------------------------

--
-- Struktura tabeli dla tabeli `im_label_section`
--

DROP TABLE IF EXISTS `im_label_section`;
CREATE TABLE IF NOT EXISTS `im_label_section` (
  `label_section_id` int(11) NOT NULL AUTO_INCREMENT,
  `label_id` int(11) NOT NULL,
  `section` int(11) NOT NULL,
  `class` varchar(256) COLLATE utf8_polish_ci DEFAULT '',
  `description` text COLLATE utf8_polish_ci,
  `date_create` datetime DEFAULT NULL,
  `date_modify` datetime DEFAULT NULL,
  PRIMARY KEY (`label_section_id`),
  KEY `label_id` (`label_id`)
) ENGINE=InnoDB DEFAULT CHARSET=utf8 COLLATE=utf8_polish_ci;

--
-- Wyzwalacze `im_label_section`
--
DROP TRIGGER IF EXISTS `im_label_section_insert_date_create`;
DELIMITER $$
CREATE TRIGGER `im_label_section_insert_date_create` BEFORE INSERT ON `im_label_section` FOR EACH ROW set new.date_create = now()
$$
DELIMITER ;
DROP TRIGGER IF EXISTS `im_label_section_insert_date_modify`;
DELIMITER $$
CREATE TRIGGER `im_label_section_insert_date_modify` BEFORE INSERT ON `im_label_section` FOR EACH ROW set new.date_modify = now()
$$
DELIMITER ;
DROP TRIGGER IF EXISTS `im_label_section_update_date_modify`;
DELIMITER $$
CREATE TRIGGER `im_label_section_update_date_modify` BEFORE UPDATE ON `im_label_section` FOR EACH ROW set new.date_modify = now()
$$
DELIMITER ;

-- --------------------------------------------------------

--
-- Struktura tabeli dla tabeli `im_language`
--

DROP TABLE IF EXISTS `im_language`;
CREATE TABLE IF NOT EXISTS `im_language` (
  `language_id` int(11) NOT NULL AUTO_INCREMENT,
  `name` varchar(128) COLLATE utf8_polish_ci DEFAULT '',
  `system_name` varchar(4) COLLATE utf8_polish_ci DEFAULT '',
  `url` varchar(128) COLLATE utf8_polish_ci DEFAULT '',
  `position` int(11) DEFAULT '0',
  `status_default` varchar(3) COLLATE utf8_polish_ci DEFAULT 'off',
  `status` varchar(3) COLLATE utf8_polish_ci DEFAULT 'on',
  `description` text COLLATE utf8_polish_ci,
  `date_create` datetime DEFAULT NULL,
  `date_modify` datetime DEFAULT NULL,
  PRIMARY KEY (`language_id`)
) ENGINE=InnoDB AUTO_INCREMENT=3 DEFAULT CHARSET=utf8 COLLATE=utf8_polish_ci;

--
-- Zrzut danych tabeli `im_language`
--

INSERT INTO `im_language` (`language_id`, `name`, `system_name`, `url`, `position`, `status_default`, `status`, `description`, `date_create`, `date_modify`) VALUES
(1, 'Polish language', 'pl', 'pl.png', 1, 'on', 'on', '', '2020-03-17 21:08:09', '2020-03-17 21:08:09'),
(2, 'English language', 'en', 'en.png', 2, 'off', 'on', '', '2020-03-17 21:08:09', '2020-03-17 21:08:09');

--
-- Wyzwalacze `im_language`
--
DROP TRIGGER IF EXISTS `im_language_insert_date_create`;
DELIMITER $$
CREATE TRIGGER `im_language_insert_date_create` BEFORE INSERT ON `im_language` FOR EACH ROW set new.date_create = now()
$$
DELIMITER ;
DROP TRIGGER IF EXISTS `im_language_insert_date_modify`;
DELIMITER $$
CREATE TRIGGER `im_language_insert_date_modify` BEFORE INSERT ON `im_language` FOR EACH ROW set new.date_modify = now()
$$
DELIMITER ;
DROP TRIGGER IF EXISTS `im_language_update_date_modify`;
DELIMITER $$
CREATE TRIGGER `im_language_update_date_modify` BEFORE UPDATE ON `im_language` FOR EACH ROW set new.date_modify = now()
$$
DELIMITER ;

-- --------------------------------------------------------

--
-- Struktura tabeli dla tabeli `im_object`
--

DROP TABLE IF EXISTS `im_object`;
CREATE TABLE IF NOT EXISTS `im_object` (
  `object_id` int(11) NOT NULL AUTO_INCREMENT,
  `type_id` int(11) NOT NULL,
  `label_id` int(11) NOT NULL,
  `section` int(11) DEFAULT '0',
  `section_name` varchar(256) COLLATE utf8_polish_ci DEFAULT '',
  `system_name` varchar(128) COLLATE utf8_polish_ci DEFAULT '',
  `name` varchar(256) COLLATE utf8_polish_ci DEFAULT '',
  `content` text COLLATE utf8_polish_ci,
  `link` varchar(128) COLLATE utf8_polish_ci DEFAULT '',
  `link_name` varchar(256) COLLATE utf8_polish_ci DEFAULT '',
  `email` varchar(64) COLLATE utf8_polish_ci DEFAULT '',
  `form` varchar(64) COLLATE utf8_polish_ci DEFAULT '',
  `icon` varchar(64) COLLATE utf8_polish_ci DEFAULT '',
  `position` int(11) DEFAULT '0',
  `status` varchar(3) COLLATE utf8_polish_ci DEFAULT 'on',
  `status_copy` varchar(3) COLLATE utf8_polish_ci DEFAULT 'off',
  `description` text COLLATE utf8_polish_ci,
  `date` varchar(32) COLLATE utf8_polish_ci DEFAULT '',
  `date_create` datetime DEFAULT NULL,
  `date_modify` datetime DEFAULT NULL,
  PRIMARY KEY (`object_id`),
  KEY `type_id` (`type_id`),
  KEY `label_id` (`label_id`)
) ENGINE=InnoDB AUTO_INCREMENT=3 DEFAULT CHARSET=utf8 COLLATE=utf8_polish_ci;

--
-- Zrzut danych tabeli `im_object`
--

INSERT INTO `im_object` (`object_id`, `type_id`, `label_id`, `section`, `section_name`, `system_name`, `name`, `content`, `link`, `link_name`, `email`, `form`, `icon`, `position`, `status`, `status_copy`, `description`, `date`, `date_create`, `date_modify`) VALUES
(1, 1, 1, 0, '', 'Menu', '', NULL, '', '', '', '', '', 1, 'on', 'off', '', '2020-03-17', '2020-03-17 21:56:20', '2020-03-17 22:13:55'),
(2, 2, 2, 0, '', 'Logo', '', NULL, '', '', '', '', '', 1, 'on', 'off', '', '2020-03-17', '2020-03-17 22:17:31', '2020-03-17 22:17:49');

--
-- Wyzwalacze `im_object`
--
DROP TRIGGER IF EXISTS `im_object_insert_date`;
DELIMITER $$
CREATE TRIGGER `im_object_insert_date` BEFORE INSERT ON `im_object` FOR EACH ROW set new.date = current_date()
$$
DELIMITER ;
DROP TRIGGER IF EXISTS `im_object_insert_date_create`;
DELIMITER $$
CREATE TRIGGER `im_object_insert_date_create` BEFORE INSERT ON `im_object` FOR EACH ROW set new.date_create = now()
$$
DELIMITER ;
DROP TRIGGER IF EXISTS `im_object_insert_date_modify`;
DELIMITER $$
CREATE TRIGGER `im_object_insert_date_modify` BEFORE INSERT ON `im_object` FOR EACH ROW set new.date_modify = now()
$$
DELIMITER ;
DROP TRIGGER IF EXISTS `im_object_update_date_modify`;
DELIMITER $$
CREATE TRIGGER `im_object_update_date_modify` BEFORE UPDATE ON `im_object` FOR EACH ROW set new.date_modify = now()
$$
DELIMITER ;

-- --------------------------------------------------------

--
-- Struktura tabeli dla tabeli `im_object_category`
--

DROP TABLE IF EXISTS `im_object_category`;
CREATE TABLE IF NOT EXISTS `im_object_category` (
  `object_category_id` int(11) NOT NULL AUTO_INCREMENT,
  `object_id` int(11) NOT NULL,
  `category_id` int(11) NOT NULL,
  PRIMARY KEY (`object_category_id`),
  KEY `object_id` (`object_id`),
  KEY `category_id` (`category_id`)
) ENGINE=InnoDB DEFAULT CHARSET=utf8 COLLATE=utf8_polish_ci;

-- --------------------------------------------------------

--
-- Struktura tabeli dla tabeli `im_object_file`
--

DROP TABLE IF EXISTS `im_object_file`;
CREATE TABLE IF NOT EXISTS `im_object_file` (
  `object_file_id` int(11) NOT NULL AUTO_INCREMENT,
  `object_id` int(11) NOT NULL,
  `file_id` int(11) NOT NULL,
  `position` int(11) DEFAULT '0',
  PRIMARY KEY (`object_file_id`),
  KEY `object_id` (`object_id`),
  KEY `file_id` (`file_id`)
) ENGINE=InnoDB DEFAULT CHARSET=utf8 COLLATE=utf8_polish_ci;

-- --------------------------------------------------------

--
-- Struktura tabeli dla tabeli `im_object_image`
--

DROP TABLE IF EXISTS `im_object_image`;
CREATE TABLE IF NOT EXISTS `im_object_image` (
  `object_image_id` int(11) NOT NULL AUTO_INCREMENT,
  `object_id` int(11) NOT NULL,
  `image_id` int(11) NOT NULL,
  `position` int(11) DEFAULT '0',
  PRIMARY KEY (`object_image_id`),
  KEY `object_id` (`object_id`),
  KEY `image_id` (`image_id`)
) ENGINE=InnoDB AUTO_INCREMENT=3 DEFAULT CHARSET=utf8 COLLATE=utf8_polish_ci;

--
-- Zrzut danych tabeli `im_object_image`
--

INSERT INTO `im_object_image` (`object_image_id`, `object_id`, `image_id`, `position`) VALUES
(2, 2, 1, 1);

-- --------------------------------------------------------

--
-- Struktura tabeli dla tabeli `im_object_source`
--

DROP TABLE IF EXISTS `im_object_source`;
CREATE TABLE IF NOT EXISTS `im_object_source` (
  `object_source_id` int(11) NOT NULL AUTO_INCREMENT,
  `object_id` int(11) NOT NULL,
  `source_id` int(11) NOT NULL,
  `position` int(11) DEFAULT '0',
  PRIMARY KEY (`object_source_id`),
  KEY `object_id` (`object_id`),
  KEY `source_id` (`source_id`)
) ENGINE=InnoDB DEFAULT CHARSET=utf8 COLLATE=utf8_polish_ci;

-- --------------------------------------------------------

--
-- Struktura tabeli dla tabeli `im_property`
--

DROP TABLE IF EXISTS `im_property`;
CREATE TABLE IF NOT EXISTS `im_property` (
  `property_id` int(11) NOT NULL AUTO_INCREMENT,
  `name` varchar(128) COLLATE utf8_polish_ci DEFAULT '',
  `system_name` varchar(128) COLLATE utf8_polish_ci DEFAULT '',
  `description` text COLLATE utf8_polish_ci,
  `date_create` datetime DEFAULT NULL,
  `date_modify` datetime DEFAULT NULL,
  PRIMARY KEY (`property_id`)
) ENGINE=InnoDB AUTO_INCREMENT=14 DEFAULT CHARSET=utf8 COLLATE=utf8_polish_ci;

--
-- Zrzut danych tabeli `im_property`
--

INSERT INTO `im_property` (`property_id`, `name`, `system_name`, `description`, `date_create`, `date_modify`) VALUES
(1, 'Nazwa', 'name', '', '2020-03-17 21:08:08', '2020-03-17 21:08:08'),
(2, 'Tekst', 'content', '', '2020-03-17 21:08:08', '2020-03-17 21:08:08'),
(3, 'Data', 'date', '', '2020-03-17 21:08:08', '2020-03-17 21:08:08'),
(4, 'Zdjęcie', 'image', '', '2020-03-17 21:08:08', '2020-03-17 21:08:08'),
(5, 'Link wewnętrzny', 'section', '', '2020-03-17 21:08:08', '2020-03-17 21:08:08'),
(6, 'Plik', 'file', '', '2020-03-17 21:08:08', '2020-03-17 21:08:08'),
(7, 'Menu', 'menu', '', '2020-03-17 21:08:09', '2020-03-17 21:08:09'),
(8, 'Link zewnętrzny', 'link', '', '2020-03-17 21:08:09', '2020-03-17 21:08:09'),
(9, 'E-mail', 'email', '', '2020-03-17 21:08:09', '2020-03-17 21:08:09'),
(10, 'Formularz kontaktowy', 'form', '', '2020-03-17 21:08:09', '2020-03-17 21:08:09'),
(11, 'Źródło', 'source', '', '2020-03-17 21:08:09', '2020-03-17 21:08:09'),
(12, 'Ikona', 'icon', '', '2020-03-17 21:08:09', '2020-03-17 21:08:09'),
(13, 'Języki', 'language', '', '2020-03-17 21:08:09', '2020-03-17 21:08:09');

--
-- Wyzwalacze `im_property`
--
DROP TRIGGER IF EXISTS `im_property_insert_date_create`;
DELIMITER $$
CREATE TRIGGER `im_property_insert_date_create` BEFORE INSERT ON `im_property` FOR EACH ROW set new.date_create = now()
$$
DELIMITER ;
DROP TRIGGER IF EXISTS `im_property_insert_date_modify`;
DELIMITER $$
CREATE TRIGGER `im_property_insert_date_modify` BEFORE INSERT ON `im_property` FOR EACH ROW set new.date_modify = now()
$$
DELIMITER ;
DROP TRIGGER IF EXISTS `im_property_update_date_modify`;
DELIMITER $$
CREATE TRIGGER `im_property_update_date_modify` BEFORE UPDATE ON `im_property` FOR EACH ROW set new.date_modify = now()
$$
DELIMITER ;

-- --------------------------------------------------------

--
-- Struktura tabeli dla tabeli `im_section`
--

DROP TABLE IF EXISTS `im_section`;
CREATE TABLE IF NOT EXISTS `im_section` (
  `section_id` int(11) NOT NULL AUTO_INCREMENT,
  `parent` int(11) DEFAULT '0',
  `name` varchar(128) COLLATE utf8_polish_ci DEFAULT '',
  `name_url` varchar(128) COLLATE utf8_polish_ci DEFAULT '',
  `meta` varchar(512) COLLATE utf8_polish_ci DEFAULT '',
  `icon` varchar(128) COLLATE utf8_polish_ci DEFAULT '',
  `class` varchar(128) COLLATE utf8_polish_ci DEFAULT 'container',
  `popup` text COLLATE utf8_polish_ci,
  `position` int(11) DEFAULT '0',
  `status` varchar(3) COLLATE utf8_polish_ci DEFAULT 'on',
  `status_copy` varchar(3) COLLATE utf8_polish_ci DEFAULT 'off',
  `status_popup` varchar(3) COLLATE utf8_polish_ci DEFAULT 'off',
  `description` text COLLATE utf8_polish_ci,
  `date_create` datetime DEFAULT NULL,
  `date_modify` datetime DEFAULT NULL,
  PRIMARY KEY (`section_id`)
) ENGINE=InnoDB AUTO_INCREMENT=7 DEFAULT CHARSET=utf8 COLLATE=utf8_polish_ci;

--
-- Zrzut danych tabeli `im_section`
--

INSERT INTO `im_section` (`section_id`, `parent`, `name`, `name_url`, `meta`, `icon`, `class`, `popup`, `position`, `status`, `status_copy`, `status_popup`, `description`, `date_create`, `date_modify`) VALUES
(1, 0, 'Home', 'home', 'Opis strony głownej', '', 'container-fluid', '', 1, 'on', 'off', 'off', '', '2020-03-17 21:08:33', '2020-03-17 22:14:51'),
(2, 0, 'O mnie', 'o-mnie', '', '', 'container', NULL, 2, 'on', 'off', 'off', NULL, '2020-03-17 21:59:10', '2020-03-17 21:59:10'),
(3, 0, 'Kontakt', 'kontakt', '', '', 'container', NULL, 3, 'on', 'off', 'off', NULL, '2020-03-17 21:59:19', '2020-03-17 21:59:19'),
(4, 0, 'Ekopasnik', 'ekopasnik', '', '', 'container', NULL, 4, 'on', 'off', 'off', NULL, '2020-03-17 21:59:50', '2020-03-17 21:59:50'),
(5, 0, 'Skladniki', 'skladniki', '', '', 'container', NULL, 5, 'on', 'off', 'off', NULL, '2020-03-17 22:00:12', '2020-03-17 22:00:12'),
(6, 0, 'Lifestyle', 'lifestyle', '', '', 'container', NULL, 6, 'on', 'off', 'off', NULL, '2020-03-17 22:00:24', '2020-03-17 22:00:24');

--
-- Wyzwalacze `im_section`
--
DROP TRIGGER IF EXISTS `im_section_insert_date_create`;
DELIMITER $$
CREATE TRIGGER `im_section_insert_date_create` BEFORE INSERT ON `im_section` FOR EACH ROW set new.date_create = now()
$$
DELIMITER ;
DROP TRIGGER IF EXISTS `im_section_insert_date_modify`;
DELIMITER $$
CREATE TRIGGER `im_section_insert_date_modify` BEFORE INSERT ON `im_section` FOR EACH ROW set new.date_modify = now()
$$
DELIMITER ;
DROP TRIGGER IF EXISTS `im_section_update_date_modify`;
DELIMITER $$
CREATE TRIGGER `im_section_update_date_modify` BEFORE UPDATE ON `im_section` FOR EACH ROW set new.date_modify = now()
$$
DELIMITER ;

-- --------------------------------------------------------

--
-- Struktura tabeli dla tabeli `im_section_object`
--

DROP TABLE IF EXISTS `im_section_object`;
CREATE TABLE IF NOT EXISTS `im_section_object` (
  `section_object_id` int(11) NOT NULL AUTO_INCREMENT,
  `section_id` int(11) NOT NULL,
  `object_id` int(11) NOT NULL,
  PRIMARY KEY (`section_object_id`),
  KEY `section_id` (`section_id`),
  KEY `object_id` (`object_id`)
) ENGINE=InnoDB AUTO_INCREMENT=14 DEFAULT CHARSET=utf8 COLLATE=utf8_polish_ci;

--
-- Zrzut danych tabeli `im_section_object`
--

INSERT INTO `im_section_object` (`section_object_id`, `section_id`, `object_id`) VALUES
(2, 1, 1),
(3, 2, 1),
(4, 3, 1),
(5, 4, 1),
(6, 5, 1),
(7, 6, 1),
(8, 1, 2),
(9, 2, 2),
(10, 3, 2),
(11, 4, 2),
(12, 5, 2),
(13, 6, 2);

-- --------------------------------------------------------

--
-- Struktura tabeli dla tabeli `im_setting`
--

DROP TABLE IF EXISTS `im_setting`;
CREATE TABLE IF NOT EXISTS `im_setting` (
  `setting_id` int(11) NOT NULL AUTO_INCREMENT,
  `name` varchar(128) COLLATE utf8_polish_ci DEFAULT '',
  `system_name` varchar(128) COLLATE utf8_polish_ci DEFAULT '',
  `content` varchar(128) COLLATE utf8_polish_ci DEFAULT '',
  `description` text COLLATE utf8_polish_ci,
  `date_create` datetime DEFAULT NULL,
  `date_modify` datetime DEFAULT NULL,
  PRIMARY KEY (`setting_id`)
) ENGINE=InnoDB AUTO_INCREMENT=4 DEFAULT CHARSET=utf8 COLLATE=utf8_polish_ci;

--
-- Zrzut danych tabeli `im_setting`
--

INSERT INTO `im_setting` (`setting_id`, `name`, `system_name`, `content`, `description`, `date_create`, `date_modify`) VALUES
(1, 'System name', 'name', 'IM-CMS Engine', '', '2020-03-17 21:08:33', '2020-03-17 21:08:33'),
(2, 'Favicon', 'favicon', 'favicon.png', '', '2020-03-17 21:08:33', '2020-03-17 21:08:33'),
(3, 'Font', 'font', 'Lato', '', '2020-03-17 21:08:33', '2020-03-17 21:08:33');

--
-- Wyzwalacze `im_setting`
--
DROP TRIGGER IF EXISTS `im_setting_insert_date_create`;
DELIMITER $$
CREATE TRIGGER `im_setting_insert_date_create` BEFORE INSERT ON `im_setting` FOR EACH ROW set new.date_create = now()
$$
DELIMITER ;
DROP TRIGGER IF EXISTS `im_setting_insert_date_modify`;
DELIMITER $$
CREATE TRIGGER `im_setting_insert_date_modify` BEFORE INSERT ON `im_setting` FOR EACH ROW set new.date_modify = now()
$$
DELIMITER ;
DROP TRIGGER IF EXISTS `im_setting_update_date_modify`;
DELIMITER $$
CREATE TRIGGER `im_setting_update_date_modify` BEFORE UPDATE ON `im_setting` FOR EACH ROW set new.date_modify = now()
$$
DELIMITER ;

-- --------------------------------------------------------

--
-- Struktura tabeli dla tabeli `im_source`
--

DROP TABLE IF EXISTS `im_source`;
CREATE TABLE IF NOT EXISTS `im_source` (
  `source_id` int(11) NOT NULL AUTO_INCREMENT,
  `name` varchar(64) COLLATE utf8_polish_ci DEFAULT '',
  `content` text COLLATE utf8_polish_ci,
  `link` varchar(128) COLLATE utf8_polish_ci DEFAULT '',
  `status` varchar(3) COLLATE utf8_polish_ci DEFAULT 'on',
  `description` text COLLATE utf8_polish_ci,
  `date_create` datetime DEFAULT NULL,
  `date_modify` datetime DEFAULT NULL,
  PRIMARY KEY (`source_id`)
) ENGINE=InnoDB DEFAULT CHARSET=utf8 COLLATE=utf8_polish_ci;

--
-- Wyzwalacze `im_source`
--
DROP TRIGGER IF EXISTS `im_source_insert_date_create`;
DELIMITER $$
CREATE TRIGGER `im_source_insert_date_create` BEFORE INSERT ON `im_source` FOR EACH ROW set new.date_create = now()
$$
DELIMITER ;
DROP TRIGGER IF EXISTS `im_source_insert_date_modify`;
DELIMITER $$
CREATE TRIGGER `im_source_insert_date_modify` BEFORE INSERT ON `im_source` FOR EACH ROW set new.date_modify = now()
$$
DELIMITER ;
DROP TRIGGER IF EXISTS `im_source_update_date_modify`;
DELIMITER $$
CREATE TRIGGER `im_source_update_date_modify` BEFORE UPDATE ON `im_source` FOR EACH ROW set new.date_modify = now()
$$
DELIMITER ;

-- --------------------------------------------------------

--
-- Struktura tabeli dla tabeli `im_translation`
--

DROP TABLE IF EXISTS `im_translation`;
CREATE TABLE IF NOT EXISTS `im_translation` (
  `translation_id` int(11) NOT NULL AUTO_INCREMENT,
  `language_id` int(11) NOT NULL,
  `name` varchar(128) COLLATE utf8_polish_ci DEFAULT '',
  `target_table` varchar(32) COLLATE utf8_polish_ci DEFAULT '',
  `target_column` varchar(32) COLLATE utf8_polish_ci DEFAULT '',
  `target_record` int(11) NOT NULL,
  `content` varchar(128) COLLATE utf8_polish_ci DEFAULT '',
  `description` text COLLATE utf8_polish_ci,
  `date_create` datetime DEFAULT NULL,
  `date_modify` datetime DEFAULT NULL,
  PRIMARY KEY (`translation_id`),
  KEY `language_id` (`language_id`)
) ENGINE=InnoDB DEFAULT CHARSET=utf8 COLLATE=utf8_polish_ci;

--
-- Wyzwalacze `im_translation`
--
DROP TRIGGER IF EXISTS `im_translation_insert_date_create`;
DELIMITER $$
CREATE TRIGGER `im_translation_insert_date_create` BEFORE INSERT ON `im_translation` FOR EACH ROW set new.date_create = now()
$$
DELIMITER ;
DROP TRIGGER IF EXISTS `im_translation_insert_date_modify`;
DELIMITER $$
CREATE TRIGGER `im_translation_insert_date_modify` BEFORE INSERT ON `im_translation` FOR EACH ROW set new.date_modify = now()
$$
DELIMITER ;
DROP TRIGGER IF EXISTS `im_translation_update_date_modify`;
DELIMITER $$
CREATE TRIGGER `im_translation_update_date_modify` BEFORE UPDATE ON `im_translation` FOR EACH ROW set new.date_modify = now()
$$
DELIMITER ;

-- --------------------------------------------------------

--
-- Struktura tabeli dla tabeli `im_translation_system`
--

DROP TABLE IF EXISTS `im_translation_system`;
CREATE TABLE IF NOT EXISTS `im_translation_system` (
  `translation_system_id` int(11) NOT NULL AUTO_INCREMENT,
  `language_id` int(11) NOT NULL,
  `name` varchar(128) COLLATE utf8_polish_ci DEFAULT '',
  `system_name` varchar(32) COLLATE utf8_polish_ci DEFAULT '',
  `content` varchar(128) COLLATE utf8_polish_ci DEFAULT '',
  `description` text COLLATE utf8_polish_ci,
  `date_create` datetime DEFAULT NULL,
  `date_modify` datetime DEFAULT NULL,
  PRIMARY KEY (`translation_system_id`),
  KEY `language_id` (`language_id`)
) ENGINE=InnoDB AUTO_INCREMENT=19 DEFAULT CHARSET=utf8 COLLATE=utf8_polish_ci;

--
-- Zrzut danych tabeli `im_translation_system`
--

INSERT INTO `im_translation_system` (`translation_system_id`, `language_id`, `name`, `system_name`, `content`, `description`, `date_create`, `date_modify`) VALUES
(1, 1, 'All', 'show-all', 'Pokaż wszystko', '', '2020-03-17 21:08:09', '2020-03-17 21:08:09'),
(2, 2, 'All', 'show-all', 'Show all', '', '2020-03-17 21:08:09', '2020-03-17 21:08:09'),
(3, 1, 'No data', 'no-data', 'Brak danych', '', '2020-03-17 21:08:09', '2020-03-17 21:08:09'),
(4, 2, 'No data', 'no-data', 'No data', '', '2020-03-17 21:08:09', '2020-03-17 21:08:09'),
(5, 1, 'Przycisk wyślij', 'send', 'Wyślij', '', '2020-03-17 21:08:09', '2020-03-17 21:08:09'),
(6, 1, 'Nazwa', 'name', 'Nazwa', '', '2020-03-17 21:08:09', '2020-03-17 21:08:09'),
(7, 1, 'Nadawca', 'source', 'Nadawca', '', '2020-03-17 21:08:09', '2020-03-17 21:08:09'),
(8, 2, 'Send button', 'send', 'Send now', '', '2020-03-17 21:08:09', '2020-03-17 21:08:09'),
(9, 2, 'Name', 'name', 'name', '', '2020-03-17 21:08:09', '2020-03-17 21:08:09'),
(10, 2, 'From', 'source', 'from', '', '2020-03-17 21:08:09', '2020-03-17 21:08:09'),
(11, 1, 'Formularz błąd', 'form-error', 'Błąd wysyłania wiadomości', '', '2020-03-17 21:08:09', '2020-03-17 21:08:09'),
(12, 1, 'Formularz poprawny', 'form-ok', 'Wiadomość wysłana', '', '2020-03-17 21:08:09', '2020-03-17 21:08:09'),
(13, 2, 'Form error', 'form-error', 'Error sending form', '', '2020-03-17 21:08:09', '2020-03-17 21:08:09'),
(14, 2, 'Form ok', 'form-ok', 'Form send', '', '2020-03-17 21:08:09', '2020-03-17 21:08:09'),
(15, 1, 'Błąd captcha', 'captcha-error', 'Błąd obrazka', '', '2020-03-17 21:08:09', '2020-03-17 21:08:09'),
(16, 2, 'Captcha error', 'captcha-error', 'Captcha error', '', '2020-03-17 21:08:09', '2020-03-17 21:08:09'),
(17, 1, 'Captcha', 'captcha-text', 'Wpisz znaki', '', '2020-03-17 21:08:09', '2020-03-17 21:08:09'),
(18, 2, 'Captcha', 'captcha-text', 'Insert captcha', '', '2020-03-17 21:08:09', '2020-03-17 21:08:09');

--
-- Wyzwalacze `im_translation_system`
--
DROP TRIGGER IF EXISTS `im_translation_system_insert_date_create`;
DELIMITER $$
CREATE TRIGGER `im_translation_system_insert_date_create` BEFORE INSERT ON `im_translation_system` FOR EACH ROW set new.date_create = now()
$$
DELIMITER ;
DROP TRIGGER IF EXISTS `im_translation_system_insert_date_modify`;
DELIMITER $$
CREATE TRIGGER `im_translation_system_insert_date_modify` BEFORE INSERT ON `im_translation_system` FOR EACH ROW set new.date_modify = now()
$$
DELIMITER ;
DROP TRIGGER IF EXISTS `im_translation_system_update_date_modify`;
DELIMITER $$
CREATE TRIGGER `im_translation_system_update_date_modify` BEFORE UPDATE ON `im_translation_system` FOR EACH ROW set new.date_modify = now()
$$
DELIMITER ;

-- --------------------------------------------------------

--
-- Struktura tabeli dla tabeli `im_type`
--

DROP TABLE IF EXISTS `im_type`;
CREATE TABLE IF NOT EXISTS `im_type` (
  `type_id` int(11) NOT NULL AUTO_INCREMENT,
  `name` varchar(128) COLLATE utf8_polish_ci DEFAULT '',
  `class` varchar(128) COLLATE utf8_polish_ci DEFAULT '',
  `description` text COLLATE utf8_polish_ci,
  `date_create` datetime DEFAULT NULL,
  `date_modify` datetime DEFAULT NULL,
  PRIMARY KEY (`type_id`)
) ENGINE=InnoDB AUTO_INCREMENT=3 DEFAULT CHARSET=utf8 COLLATE=utf8_polish_ci;

--
-- Zrzut danych tabeli `im_type`
--

INSERT INTO `im_type` (`type_id`, `name`, `class`, `description`, `date_create`, `date_modify`) VALUES
(1, 'Menu', 'col-12', '', '2020-03-17 21:55:57', '2020-03-17 22:03:48'),
(2, 'Logo', 'col-12', '', '2020-03-17 22:17:00', '2020-03-17 22:17:09');

--
-- Wyzwalacze `im_type`
--
DROP TRIGGER IF EXISTS `im_type_insert_date_create`;
DELIMITER $$
CREATE TRIGGER `im_type_insert_date_create` BEFORE INSERT ON `im_type` FOR EACH ROW set new.date_create = now()
$$
DELIMITER ;
DROP TRIGGER IF EXISTS `im_type_insert_date_modify`;
DELIMITER $$
CREATE TRIGGER `im_type_insert_date_modify` BEFORE INSERT ON `im_type` FOR EACH ROW set new.date_modify = now()
$$
DELIMITER ;
DROP TRIGGER IF EXISTS `im_type_update_date_modify`;
DELIMITER $$
CREATE TRIGGER `im_type_update_date_modify` BEFORE UPDATE ON `im_type` FOR EACH ROW set new.date_modify = now()
$$
DELIMITER ;

-- --------------------------------------------------------

--
-- Struktura tabeli dla tabeli `im_type_property`
--

DROP TABLE IF EXISTS `im_type_property`;
CREATE TABLE IF NOT EXISTS `im_type_property` (
  `type_property_id` int(11) NOT NULL AUTO_INCREMENT,
  `type_id` int(11) NOT NULL,
  `property_id` int(11) NOT NULL,
  `class` varchar(128) COLLATE utf8_polish_ci DEFAULT '',
  `class_field` varchar(128) COLLATE utf8_polish_ci DEFAULT '',
  `position` int(11) DEFAULT '0',
  `description` text COLLATE utf8_polish_ci,
  `date_create` datetime DEFAULT NULL,
  `date_modify` datetime DEFAULT NULL,
  PRIMARY KEY (`type_property_id`),
  KEY `type_id` (`type_id`),
  KEY `property_id` (`property_id`)
) ENGINE=InnoDB AUTO_INCREMENT=3 DEFAULT CHARSET=utf8 COLLATE=utf8_polish_ci;

--
-- Zrzut danych tabeli `im_type_property`
--

INSERT INTO `im_type_property` (`type_property_id`, `type_id`, `property_id`, `class`, `class_field`, `position`, `description`, `date_create`, `date_modify`) VALUES
(1, 1, 7, 'col-12', 'navbar navbar-expand-lg navbar-light', 1, '', '2020-03-17 21:56:04', '2020-03-17 22:08:29'),
(2, 2, 4, 'col-12 text-center pt-5', '', 1, '', '2020-03-17 22:17:21', '2020-03-17 22:19:18');

--
-- Wyzwalacze `im_type_property`
--
DROP TRIGGER IF EXISTS `im_type_property_insert_date_create`;
DELIMITER $$
CREATE TRIGGER `im_type_property_insert_date_create` BEFORE INSERT ON `im_type_property` FOR EACH ROW set new.date_create = now()
$$
DELIMITER ;
DROP TRIGGER IF EXISTS `im_type_property_insert_date_modify`;
DELIMITER $$
CREATE TRIGGER `im_type_property_insert_date_modify` BEFORE INSERT ON `im_type_property` FOR EACH ROW set new.date_modify = now()
$$
DELIMITER ;
DROP TRIGGER IF EXISTS `im_type_property_update_date_modify`;
DELIMITER $$
CREATE TRIGGER `im_type_property_update_date_modify` BEFORE UPDATE ON `im_type_property` FOR EACH ROW set new.date_modify = now()
$$
DELIMITER ;

--
-- Ograniczenia dla zrzutów tabel
--

--
-- Ograniczenia dla tabeli `im_category`
--
ALTER TABLE `im_category`
  ADD CONSTRAINT `im_category_ibfk_1` FOREIGN KEY (`label_id`) REFERENCES `im_label` (`label_id`);

--
-- Ograniczenia dla tabeli `im_label_section`
--
ALTER TABLE `im_label_section`
  ADD CONSTRAINT `im_label_section_ibfk_1` FOREIGN KEY (`label_id`) REFERENCES `im_label` (`label_id`);

--
-- Ograniczenia dla tabeli `im_object`
--
ALTER TABLE `im_object`
  ADD CONSTRAINT `im_object_ibfk_1` FOREIGN KEY (`type_id`) REFERENCES `im_type` (`type_id`),
  ADD CONSTRAINT `im_object_ibfk_2` FOREIGN KEY (`label_id`) REFERENCES `im_label` (`label_id`);

--
-- Ograniczenia dla tabeli `im_object_category`
--
ALTER TABLE `im_object_category`
  ADD CONSTRAINT `im_object_category_ibfk_1` FOREIGN KEY (`object_id`) REFERENCES `im_object` (`object_id`),
  ADD CONSTRAINT `im_object_category_ibfk_2` FOREIGN KEY (`category_id`) REFERENCES `im_category` (`category_id`);

--
-- Ograniczenia dla tabeli `im_object_file`
--
ALTER TABLE `im_object_file`
  ADD CONSTRAINT `im_object_file_ibfk_1` FOREIGN KEY (`object_id`) REFERENCES `im_object` (`object_id`),
  ADD CONSTRAINT `im_object_file_ibfk_2` FOREIGN KEY (`file_id`) REFERENCES `im_file` (`file_id`);

--
-- Ograniczenia dla tabeli `im_object_image`
--
ALTER TABLE `im_object_image`
  ADD CONSTRAINT `im_object_image_ibfk_1` FOREIGN KEY (`object_id`) REFERENCES `im_object` (`object_id`),
  ADD CONSTRAINT `im_object_image_ibfk_2` FOREIGN KEY (`image_id`) REFERENCES `im_image` (`image_id`);

--
-- Ograniczenia dla tabeli `im_object_source`
--
ALTER TABLE `im_object_source`
  ADD CONSTRAINT `im_object_source_ibfk_1` FOREIGN KEY (`object_id`) REFERENCES `im_object` (`object_id`),
  ADD CONSTRAINT `im_object_source_ibfk_2` FOREIGN KEY (`source_id`) REFERENCES `im_source` (`source_id`);

--
-- Ograniczenia dla tabeli `im_section_object`
--
ALTER TABLE `im_section_object`
  ADD CONSTRAINT `im_section_object_ibfk_1` FOREIGN KEY (`section_id`) REFERENCES `im_section` (`section_id`),
  ADD CONSTRAINT `im_section_object_ibfk_2` FOREIGN KEY (`object_id`) REFERENCES `im_object` (`object_id`);

--
-- Ograniczenia dla tabeli `im_translation`
--
ALTER TABLE `im_translation`
  ADD CONSTRAINT `im_translation_ibfk_1` FOREIGN KEY (`language_id`) REFERENCES `im_language` (`language_id`);

--
-- Ograniczenia dla tabeli `im_translation_system`
--
ALTER TABLE `im_translation_system`
  ADD CONSTRAINT `im_translation_system_ibfk_1` FOREIGN KEY (`language_id`) REFERENCES `im_language` (`language_id`);

--
-- Ograniczenia dla tabeli `im_type_property`
--
ALTER TABLE `im_type_property`
  ADD CONSTRAINT `im_type_property_ibfk_1` FOREIGN KEY (`type_id`) REFERENCES `im_type` (`type_id`),
  ADD CONSTRAINT `im_type_property_ibfk_2` FOREIGN KEY (`property_id`) REFERENCES `im_property` (`property_id`);
COMMIT;

/*!40101 SET CHARACTER_SET_CLIENT=@OLD_CHARACTER_SET_CLIENT */;
/*!40101 SET CHARACTER_SET_RESULTS=@OLD_CHARACTER_SET_RESULTS */;
/*!40101 SET COLLATION_CONNECTION=@OLD_COLLATION_CONNECTION */;
